user_id,name,email,signup_date
1,Benjamin Lee,carriecantu@example.com,2023-11-03
2,Dustin Salas,chavezcharles@example.com,2023-12-13
3,Rodney Hernandez,christopher87@example.net,2024-06-30
4,Tara Rocha,travis49@example.com,2023-01-20
5,Travis Rose,tphillips@example.net,2024-05-31
6,Anthony Smith,sarahpadilla@example.org,2023-03-30
7,Ashley Watkins,monroetimothy@example.net,2024-03-26
8,Sarah Castro,karengallegos@example.com,2023-12-17
9,Savannah Ruiz,bfoster@example.net,2023-08-07
10,Sally Cummings,williamsjoan@example.org,2023-02-26
11,Anthony Hunt,joel62@example.org,2024-05-24
12,Jennifer Hudson,virginia63@example.com,2023-01-24
13,James Proctor,stephensaunders@example.com,2024-05-03
14,Jacob Hunter,coffeygregory@example.com,2023-04-01
15,Christina Anderson,johnsondebra@example.com,2024-01-31
16,Michelle Garrett,emily66@example.org,2024-08-02
17,Lisa Finley,qmiller@example.net,2024-10-11
18,Cynthia Wells,julie51@example.com,2024-04-20
19,Melissa Barnes,fernandezjoseph@example.com,2023-11-15
20,Raymond Lozano,aosborn@example.net,2023-06-26
21,Taylor Horn,edwardsjames@example.org,2024-07-04
22,Michael Medina,kathrynstout@example.org,2023-05-18
23,David Friedman,johnsonmatthew@example.net,2024-06-18
24,James Gonzalez,mitchellkenneth@example.com,2023-11-17
25,Richard Montgomery,sharon82@example.net,2024-12-06
26,Thomas Douglas MD,maureenmanning@example.net,2023-07-13
27,Jessica Phillips,zherrera@example.com,2023-03-29
28,Victoria Johnson,rachel19@example.org,2023-02-05
29,Thomas Spencer,ylee@example.net,2024-04-11
30,Dakota Lopez,qfoster@example.net,2023-05-28
31,Kimberly Duran,vargasrose@example.com,2023-10-03
32,Amber Gonzalez,marieanderson@example.net,2023-05-08
33,Sean Simmons,john57@example.com,2023-10-22
34,Martha Lynch,ryan70@example.org,2023-08-03
35,Barbara Vega,ounderwood@example.com,2024-03-11
36,Andrew Carr,sandra14@example.net,2023-08-15
37,Paul Turner,nwalker@example.org,2024-04-13
38,Whitney Davis,vazquezthomas@example.net,2024-09-01
39,Natasha Mitchell,crystalhester@example.com,2023-08-14
40,Katherine Jones,schaeferlindsay@example.org,2023-11-28
41,Nicole Medina,gloverrebecca@example.org,2023-04-30
42,Angela Ibarra,joshuapeters@example.org,2024-01-08
43,Ashley Martinez,marvin67@example.net,2023-09-12
44,Ann Conner,diana02@example.com,2023-01-07
45,Scott Ward,kelly37@example.org,2023-06-19
46,Ricky Cooley,garciaamy@example.org,2023-03-05
47,Adam Pennington,johngarcia@example.net,2023-05-25
48,Jessica Holloway,njacobson@example.org,2024-01-14
49,Erin Benson,jennifer96@example.org,2023-06-09
50,Jennifer Wright,mhansen@example.com,2024-11-10
51,Kelly Miller,smithmaria@example.net,2023-12-03
52,Raven Pittman,odelacruz@example.com,2024-05-22
53,Edward Davis,grodriguez@example.org,2024-07-24
54,Sarah Shelton,sallybyrd@example.com,2024-02-16
55,Kristen Henson,laura48@example.net,2024-06-21
56,Michael Riddle,kingheather@example.org,2024-05-24
57,Jeffrey Morales,taylor06@example.com,2024-11-13
58,John King,wgomez@example.com,2024-10-10
59,Melissa Newton,charlesrosales@example.com,2023-07-06
60,Michelle Henson,elizabeth60@example.org,2023-01-27
61,Rachel Hicks,morrisphilip@example.com,2023-10-08
62,Justin Moore,ashleymiles@example.net,2023-03-23
63,Sandra Sullivan,gilbertfuller@example.com,2023-07-08
64,Carlos Baker,erikrobbins@example.com,2023-01-10
65,Christopher Short,griffinmartin@example.com,2024-01-26
66,Alexis Alvarez,raymondtodd@example.org,2023-02-16
67,Teresa Jones,micheleparrish@example.net,2024-11-10
68,Marcus Velazquez,watsondenise@example.net,2024-12-14
69,Christopher Roberts,jessicawaters@example.org,2024-11-26
70,Mr. Charles Sandoval,cherylwaters@example.org,2023-12-07
71,Robert Williamson,pfoster@example.net,2023-04-30
72,Michelle Brown,zmendoza@example.net,2023-12-19
73,Steven Miller,stacylam@example.com,2024-08-14
74,Isaac Simpson,ashley81@example.org,2024-04-03
75,Natalie Haynes,rstewart@example.net,2023-06-14
76,Brandon Vazquez,kimclark@example.com,2023-08-29
77,Andre Rivera,gillespiegary@example.net,2023-12-16
78,Kristina Schwartz,daniellejohnson@example.org,2024-01-27
79,Melanie Thomas,fletcherrebecca@example.net,2024-03-02
80,Carol Merritt,gtaylor@example.net,2023-10-12
81,Jennifer Simmons,ewilson@example.org,2023-05-12
82,Jessica Snow PhD,omurray@example.com,2023-03-28
83,Kristin Green,travisyvonne@example.com,2024-01-15
84,Brent Martinez,crawforddavid@example.net,2024-05-15
85,Whitney Weiss,vgarrison@example.net,2024-05-18
86,Juan Nelson,younganne@example.com,2024-12-16
87,Joseph Wilson,hilljennifer@example.org,2023-05-09
88,James Cochran,olsonlucas@example.org,2024-03-14
89,Jeffrey Larsen,fergusonjessica@example.com,2023-12-02
90,Robert Sullivan,leerobert@example.net,2024-07-29
91,Ann Lee,bondkylie@example.net,2024-09-08
92,Brenda Gonzalez,fmedina@example.org,2024-08-07
93,Dawn Herrera,ifuentes@example.org,2023-10-05
94,James Horn,karenrobertson@example.com,2024-06-19
95,Matthew Fisher,kendra09@example.net,2023-09-06
96,Mr. Richard Mann MD,nataliejohnson@example.org,2023-04-16
97,Jeffrey Thomas,wintersjason@example.org,2022-12-20
98,Victoria Burns,michaelajones@example.net,2024-04-12
99,Kristina Collins,daniel03@example.net,2023-08-18
100,Vincent Rios,qthomas@example.net,2023-11-18
101,Sarah Sharp,tjohnson@example.net,2023-03-29
102,Shelia Fleming,johnsonsandra@example.com,2023-07-03
103,Mindy Vazquez,lspencer@example.com,2024-04-26
104,Mark Smith,anthonycarter@example.com,2023-04-20
105,Mrs. Jamie Levy,mharris@example.org,2023-08-23
106,Caroline Moreno,dwright@example.net,2024-08-08
107,Tracy Blackwell,stanleypatrick@example.org,2024-08-01
108,Cassandra Allen,youngelizabeth@example.org,2024-10-18
109,Jeffrey Evans,jeffrey57@example.net,2023-08-19
110,Brittany Torres DDS,duffymark@example.net,2024-04-09
111,Jeffrey Love,jsullivan@example.com,2023-04-07
112,Barbara Meyer,andrewgamble@example.net,2024-10-13
113,Christopher Delgado,montesfelicia@example.org,2024-03-02
114,Brandon Phillips,ssimpson@example.org,2023-02-22
115,Candice Walker,mbrown@example.com,2024-11-11
116,Sherry Conner,donnahicks@example.net,2023-06-27
117,Lauren White,brittany60@example.net,2024-02-26
118,Vincent Kidd,starkalexander@example.com,2024-11-11
119,Brenda Hale,rebecca98@example.com,2023-09-04
120,Gerald Zavala,calderonscott@example.org,2024-10-19
121,Blake Jimenez,henry70@example.com,2023-05-02
122,Marisa Roberts,scottkayla@example.net,2024-08-08
123,William Taylor,rebecca66@example.net,2024-11-27
124,Anthony Perez,danielfriedman@example.net,2023-12-28
125,Cindy Meza,parkermelissa@example.net,2023-04-10
126,James Dennis,lydia09@example.com,2024-02-28
127,Dr. Michael Ray Jr.,tonyward@example.org,2023-07-16
128,Dustin Garner,rodriguezrickey@example.com,2024-01-10
129,Thomas Ramirez,eboyle@example.net,2023-09-06
130,Jennifer Curtis,steven97@example.com,2024-01-25
131,Sarah Flores MD,sandersscott@example.org,2023-04-07
132,John Berry,lori10@example.org,2024-02-20
133,Jerry Mcdonald,sball@example.net,2023-03-15
134,Angela Hall,hawkinsnicole@example.net,2023-01-10
135,Jeffrey Bryant,karajohnson@example.net,2024-10-07
136,Michael Wilkerson,smithselena@example.org,2024-03-01
137,Julie Becker,sdaniels@example.net,2023-05-06
138,Mr. Daniel Hawkins,cheryl09@example.com,2024-02-06
139,Laura Hansen,scott71@example.org,2024-10-16
140,Isaac Phillips,robert27@example.com,2024-02-23
141,Catherine Garrett,katiemann@example.org,2023-03-09
142,Alexander Alvarez,parkerjennifer@example.net,2024-09-29
143,Kyle Martinez,james12@example.net,2024-10-30
144,Regina Burton,michelle15@example.net,2023-10-14
145,Nicholas Clark,michaelbruce@example.com,2023-09-24
146,Kyle Johnson,jonesmarissa@example.net,2024-02-15
147,Julie Campbell,dixonemily@example.com,2024-01-29
148,Misty Larson,mhunter@example.net,2024-07-11
149,Adrian Hernandez,ymiller@example.org,2023-08-12
150,Samantha White,tnichols@example.org,2024-01-12
151,Reginald Sanchez,hickssamantha@example.net,2023-11-26
152,Timothy Collins,johnblackburn@example.com,2024-12-15
153,Eric Wright,fhuffman@example.org,2024-10-23
154,Heather Garcia,bmills@example.com,2023-06-25
155,Drew Mcmahon,corymyers@example.net,2024-07-07
156,John Whitney,glassgregory@example.com,2024-11-09
157,David Harrington,williamssarah@example.org,2024-02-07
158,Debra Fox,sandranguyen@example.org,2024-09-18
159,Robert Johnson,underwoodthomas@example.net,2023-12-30
160,Theresa Decker,xramirez@example.net,2024-01-12
161,Drew Lynch,gpayne@example.net,2024-03-06
162,Jenny Russell,mikestokes@example.net,2024-02-28
163,Christopher George,valeriesalazar@example.net,2023-12-24
164,Alan Harrison,denisegraves@example.org,2024-07-02
165,Christopher Owens,sydneytaylor@example.com,2023-02-10
166,Derrick Ballard,susanjacobs@example.org,2023-09-17
167,Anne Koch,scarr@example.com,2024-02-24
168,Charles Reyes,hailey35@example.net,2023-08-18
169,Thomas Daniels,jeffreyhammond@example.net,2023-07-03
170,Kevin Lang,yhorton@example.org,2024-06-28
171,Yolanda Garcia,zmorgan@example.net,2024-11-16
172,Jennifer Murphy,antoniolarson@example.com,2024-02-07
173,Michael Butler,michellekramer@example.com,2024-10-09
174,Megan Crawford,brian68@example.com,2024-12-15
175,Amy Brewer,jenkinsdawn@example.net,2024-09-13
176,Lindsey Crane,alexanderhaynes@example.com,2022-12-23
177,Tiffany Scott,eherrera@example.net,2024-07-11
178,Sarah Walker,smithmartin@example.com,2022-12-26
179,Katherine Lopez,evelyn16@example.com,2023-04-06
180,April Kemp,charlesvega@example.org,2024-01-06
181,Randall Sloan,angelagarcia@example.org,2024-12-15
182,Debra Peterson,oguerrero@example.org,2023-03-20
183,Shannon Conley,joshua24@example.net,2023-04-03
184,Kevin Harvey,fburton@example.net,2023-05-02
185,Ariel Duran,ryanalvarado@example.org,2023-01-11
186,Rachel Nixon,christopher80@example.net,2023-06-17
187,Misty Kennedy,robinsonmaria@example.com,2024-07-30
188,Steven Ruiz,haleybrown@example.net,2024-12-04
189,Miss Melissa Hernandez,eddiemoran@example.com,2024-05-26
190,Jessica Gonzalez,znelson@example.com,2023-04-18
191,Jennifer Griffith,kristin88@example.com,2023-10-09
192,Brittney Chen,carlasanders@example.com,2023-01-14
193,Elijah Williams,tmiller@example.com,2024-02-25
194,Douglas Fernandez,mmitchell@example.org,2024-04-30
195,Nichole Li,hughesbrian@example.com,2024-05-17
196,Bryan Wright,mitchellrodriguez@example.org,2023-09-29
197,Maria Kelley,andrenguyen@example.com,2023-11-02
198,Rachel Fowler,sarah23@example.org,2024-11-10
199,Marcus Jimenez,wintersjason@example.com,2024-02-16
200,Andrew Smith,cantrellnicholas@example.net,2024-07-07
201,Cory Flowers,martincharles@example.net,2023-01-08
202,Christina Gibbs,pkelley@example.com,2023-02-01
203,Marc Brady,michael70@example.net,2023-03-19
204,Mrs. Sue Fields DVM,ghumphrey@example.net,2024-10-20
205,Jesse Perry,adammcguire@example.net,2024-09-20
206,Thomas Norris,powellbrent@example.com,2024-01-13
207,Briana Brandt,sheila28@example.com,2023-12-21
208,Christine Leon,jhowell@example.com,2023-02-09
209,Sandra Christensen,sarahevans@example.com,2024-08-20
210,Melissa Davis,mgibson@example.com,2023-09-26
211,Ashlee Coleman,deckernatalie@example.com,2023-04-26
212,Alicia Marquez,vargasbetty@example.org,2024-07-01
213,Breanna Jackson,olivernancy@example.org,2023-03-10
214,Thomas Conway,terrence85@example.com,2024-08-28
215,Ann Ortega,fkelly@example.net,2023-07-20
216,Michelle Martinez,carrie68@example.org,2024-10-05
217,Erin Jones,veronica08@example.org,2024-06-25
218,James Smith,eanderson@example.org,2024-11-21
219,Ashley Smith,sarah59@example.org,2024-05-16
220,Rachel Bonilla,reginajackson@example.net,2024-05-03
221,Peter Holmes,markmartin@example.net,2023-07-02
222,Amy Atkins,vmelton@example.net,2024-06-15
223,Bryce Campbell,anitajones@example.com,2023-12-04
224,Mark Hicks,grahamjoseph@example.org,2023-07-01
225,Stephanie Chang,molinachristopher@example.com,2024-08-24
226,Brian Allen,smahoney@example.net,2024-03-26
227,Mary Sandoval,westshelby@example.net,2023-01-27
228,Jeffrey Hood,sanchezlogan@example.com,2023-10-17
229,Justin Martinez,christine25@example.org,2023-07-01
230,Christine Sanchez,heidi82@example.net,2023-07-08
231,Curtis Johnson,adamthomas@example.net,2024-03-16
232,Kelly Smith,nalvarez@example.com,2023-06-02
233,Leslie Jones,castilloryan@example.org,2024-02-29
234,Rebecca Hill,gainesmelissa@example.com,2023-04-26
235,Mary Walker,gcordova@example.org,2024-04-17
236,Matthew Newton,alexistaylor@example.net,2023-01-19
237,Jonathan Arnold,vargasmichaela@example.net,2024-08-28
238,Mary Watson,ygomez@example.com,2023-10-13
239,Matthew Summers,lauren79@example.net,2023-06-05
240,James Young,gonzalezkelly@example.com,2024-02-06
241,Thomas Brooks,lawrence55@example.com,2023-08-27
242,Jeremy Watson,amanda38@example.com,2023-06-14
243,John Mitchell,mrobinson@example.com,2024-03-19
244,Regina Douglas,ljames@example.net,2024-05-25
245,Gabriela Huynh,mariohuffman@example.net,2024-01-14
246,Todd Morrison,ksullivan@example.net,2023-08-21
247,Sarah Walker,garciavalerie@example.org,2024-02-09
248,Megan Dunn,jennifer54@example.com,2024-08-16
249,Jenna Fields,qgarcia@example.com,2024-05-23
250,Alexander Davis,andersonbrandon@example.net,2023-09-14
251,Aaron Pruitt,jacqueline58@example.net,2023-06-08
252,Mrs. Debra Mathis DDS,amyhall@example.org,2023-08-12
253,James Brown,kurt23@example.org,2024-06-08
254,Joanna Mullins,fnorton@example.org,2023-05-23
255,Brian Williams,scottmiddleton@example.com,2024-04-16
256,James Rose,kimberlyburton@example.net,2023-08-07
257,Sarah Flores,bryanwalsh@example.com,2023-11-12
258,Daniel Harmon,sanchezmaureen@example.net,2024-11-03
259,Anthony Hutchinson,rachaelcarroll@example.org,2024-05-16
260,Nancy Cowan,qwagner@example.com,2023-03-28
261,Stacy Solomon,scott81@example.com,2024-03-26
262,Jerry Martin,amy81@example.net,2023-12-17
263,Victoria Hawkins,graycaleb@example.com,2024-07-25
264,Terrence Williams,davidschwartz@example.org,2023-04-09
265,Courtney Powell,fsmall@example.org,2024-12-01
266,Donald Tucker,catherinewiggins@example.org,2023-04-15
267,James Arias,mhunt@example.com,2024-03-14
268,James Adams,hernandezlisa@example.org,2023-02-12
269,Edward Miller,mreyes@example.com,2023-06-25
270,Dr. Jason Cook,opeters@example.org,2024-02-11
271,Zachary Roberts,lmoore@example.com,2024-06-09
272,April Garcia,maguilar@example.net,2023-04-11
273,Edward Miller,alexanderrodriguez@example.org,2024-03-18
274,Nathan Zamora,david21@example.org,2023-12-31
275,Gerald Knight,johnwilliams@example.com,2024-03-17
276,Ashley Higgins,mcgeemichael@example.net,2024-09-24
277,Robert Chase,brownlisa@example.com,2022-12-28
278,Wayne Reilly,gonzalescarlos@example.net,2023-11-05
279,Devin Rosario,robert97@example.org,2023-11-05
280,Courtney Sharp,lewiscraig@example.org,2024-02-16
281,Kevin Winters,zforbes@example.com,2024-06-25
282,Dustin Hogan,lrobertson@example.com,2023-08-15
283,Brandon Jones,phunter@example.com,2023-10-08
284,Dr. Crystal Leonard,matthew48@example.com,2023-06-22
285,Amber Scott,kperez@example.org,2024-12-07
286,Danielle Hogan,hkelley@example.net,2024-11-11
287,Kristen Gordon,thomas82@example.org,2023-05-12
288,Courtney Alvarez,guzmanshawn@example.com,2024-04-29
289,Rachel Reyes,mpittman@example.org,2024-11-23
290,Lori Ross,jamesfigueroa@example.org,2023-08-29
291,Jennifer Perez,brightmary@example.net,2024-01-30
292,Calvin Nguyen,prosales@example.com,2023-12-08
293,Neil Scott,davisanna@example.org,2023-11-20
294,Ryan Adams,raymondsilva@example.com,2023-08-03
295,Susan Reese,alyssabell@example.org,2023-11-23
296,Andrew Vang,davidpowell@example.org,2023-10-02
297,Kathy Wood,rachelreed@example.net,2023-10-25
298,Austin Leonard,howarddaniel@example.net,2023-06-26
299,Nicholas Mann,lisa36@example.com,2023-03-02
300,Erin Mason,jessica43@example.net,2023-05-13
301,Micheal Valenzuela,qjordan@example.net,2024-06-20
302,Margaret Woods,burkemonica@example.com,2024-06-15
303,David Scott,dana45@example.org,2023-01-19
304,Nancy Jones,linda83@example.net,2024-03-05
305,Alan Stark,dianaowens@example.org,2024-02-25
306,Shane Jefferson,jessica46@example.net,2023-03-26
307,David Kelly,paulbaker@example.net,2023-03-07
308,Robert Miller,leeedward@example.org,2024-11-29
309,Sandra Gaines,daniel81@example.org,2023-05-11
310,Diana Rios,kristineortiz@example.com,2023-04-05
311,Kyle Hicks,udickson@example.com,2024-03-22
312,Christian Gregory,montgomerykathryn@example.org,2023-05-08
313,Angel Espinoza,edward38@example.net,2023-07-02
314,Jason Colon,katiewilliams@example.org,2023-07-14
315,Brooke Brown,joe00@example.net,2024-09-29
316,Jennifer Smith,heidi03@example.com,2024-08-31
317,Michael Martin,paullawson@example.com,2023-10-07
318,Kylie Woodward,ebutler@example.net,2024-10-26
319,Travis Lopez,steven34@example.org,2023-03-22
320,Amanda Rivera,wdavies@example.com,2024-09-18
321,Samuel Robinson,qgilmore@example.net,2024-06-02
322,Angel Atkins,oclark@example.com,2024-08-13
323,Ashley Scott,michaelduran@example.org,2024-08-15
324,Michael Perry,pauljulie@example.net,2024-10-19
325,Maria Bradford,kaylaboyer@example.net,2023-09-23
326,Wendy Brewer,matthewdavis@example.org,2023-09-25
327,Henry Ruiz,bhoward@example.net,2024-04-06
328,Greg Ross,laura99@example.com,2023-04-08
329,Christopher Wallace,john16@example.net,2024-03-13
330,Brett Johnson,dgonzalez@example.org,2024-01-18
331,Stephen Wagner,john30@example.org,2023-07-26
332,Anne Hutchinson,millermichelle@example.com,2023-09-17
333,Bobby Sanchez,millerbrian@example.net,2023-04-28
334,Jacob Thompson,michael58@example.net,2023-06-21
335,Joanna Burton,tandrews@example.com,2024-03-03
336,Martin Swanson,pmcbride@example.net,2023-08-10
337,Tracy Parker,gregory35@example.org,2023-04-04
338,Melissa Smith,aibarra@example.org,2024-07-20
339,Kiara Baker,ibrown@example.com,2024-02-19
340,David Gomez,amandagarcia@example.org,2023-05-27
341,Bobby Williams,amy88@example.com,2023-02-12
342,Darren Gamble,patrickvasquez@example.com,2024-04-16
343,Christie Maldonado,shawn49@example.org,2024-01-05
344,Diana Allen,fsimon@example.net,2023-09-25
345,Colton Chen,stephaniebautista@example.net,2023-04-15
346,Jessica Riddle,vglover@example.com,2022-12-25
347,Stanley Phillips,josephmay@example.com,2023-12-03
348,Mark Caldwell,prodriguez@example.com,2024-06-18
349,Anita Harris,rosalesamy@example.net,2023-09-02
350,Tina Glover,walterstephanie@example.net,2024-01-16
351,Michael Gordon,tracythornton@example.net,2024-05-02
352,Karen Jordan,jeanette99@example.com,2023-11-03
353,Kayla Thompson,rmiller@example.com,2023-10-21
354,Marcus Morgan,danielletaylor@example.com,2024-05-09
355,Zachary Briggs,kyle63@example.org,2024-08-10
356,Stacy Sutton,nodom@example.net,2024-11-05
357,Barry Tran,ulee@example.org,2024-03-26
358,Mrs. Regina Walker MD,wrightjonathan@example.com,2023-04-05
359,Shawn Jones,marynewman@example.com,2023-06-14
360,Joseph Jackson,caseycassidy@example.org,2024-01-22
361,Amanda Gonzalez,rickysmith@example.org,2024-06-01
362,Russell Daniels,ncochran@example.com,2023-03-09
363,Melissa Baker,williamsthomas@example.com,2023-06-22
364,Bryan Thompson,kennethmaldonado@example.com,2023-02-15
365,Justin Garcia,guerrerojeffrey@example.com,2024-02-04
366,Lori Collins,lewislinda@example.org,2024-10-10
367,Tina Blevins,qnunez@example.org,2023-05-14
368,Tina Brandt,price@example.org,2023-09-15
369,Andrew Baker,regina22@example.com,2024-03-29
370,Christopher Reed,jill86@example.com,2024-03-15
371,Christopher Campbell,amanda30@example.net,2024-10-29
372,Nicole Contreras,srichardson@example.net,2024-07-06
373,Miguel Yang,greenharold@example.org,2023-11-13
374,John Williams,davidnorton@example.net,2024-08-01
375,Philip Ray,christina33@example.org,2024-04-26
376,Philip Cox,sherryhernandez@example.com,2023-10-23
377,Kyle Crawford,brandigibson@example.com,2023-11-25
378,Victoria Alvarado,katherinekim@example.com,2024-09-24
379,Paul Gonzalez,gainesmichael@example.org,2023-03-19
380,Cynthia Garza,aallen@example.com,2023-05-31
381,Donna Li,turnerrachel@example.org,2023-06-13
382,Tina Smith,nicholas67@example.com,2024-01-23
383,Joseph Gomez,nicholas69@example.net,2024-09-03
384,Lisa Steele,jameshunter@example.org,2024-07-05
385,Joe Bradley,browntraci@example.org,2023-12-28
386,Justin Walker,castilloshawn@example.net,2024-01-04
387,Jesus Taylor,rebeccajones@example.net,2024-02-15
388,Courtney Jones,tom56@example.org,2024-02-04
389,Kimberly Wheeler,lauren40@example.net,2024-11-30
390,Andrew Armstrong,ubell@example.net,2024-09-27
391,Robert Barrera,harperashley@example.net,2023-08-08
392,Christopher Barker,john33@example.net,2024-11-20
393,Mrs. Robin Thompson DVM,deandebra@example.com,2024-12-15
394,Stacie Young DVM,richardhaynes@example.com,2023-11-26
395,Andrew Barry,brandi80@example.org,2023-12-12
396,Heidi Hensley,rogersmary@example.com,2024-07-18
397,Adam Owen,johnbarrera@example.org,2023-12-06
398,Debra Collins,andersonanthony@example.net,2023-09-21
399,Stephanie Houston,kentcollins@example.com,2024-03-08
400,Elizabeth Hall,thompsonchristina@example.net,2023-03-11
401,William Pineda,qhoward@example.org,2023-11-22
402,Xavier Dean,bsims@example.org,2023-04-26
403,Jason Ramirez,ythomas@example.com,2024-09-23
404,Alejandro Johnson,john52@example.net,2023-04-04
405,Jose Chan,hburns@example.org,2023-03-05
406,Jennifer Valentine,michelle33@example.org,2023-03-06
407,Jessica Allen,steve49@example.net,2024-06-19
408,Catherine Fleming,dray@example.org,2024-10-20
409,Christopher Rojas,taylorbrandon@example.org,2023-11-07
410,Barbara Baker,jacob77@example.org,2023-01-12
411,Mrs. Evelyn Ward,sdavis@example.org,2023-07-22
412,Nicole Morris,ccruz@example.com,2024-08-22
413,Jessica Pham,vmelton@example.net,2023-05-22
414,Joseph Scott,jbarry@example.org,2024-02-02
415,Allison Sullivan,clinevictoria@example.org,2023-04-03
416,Nathan Ortiz,crodriguez@example.com,2024-09-04
417,Jacob Deleon,joyce79@example.com,2023-09-04
418,Teresa Bell,jilllang@example.org,2023-05-10
419,Kimberly Christensen,tonyglover@example.org,2023-07-09
420,Mark Valenzuela,cmartinez@example.org,2023-04-13
421,Erin Hill,osilva@example.org,2024-01-07
422,Joshua West,njames@example.com,2024-01-17
423,Karen Taylor,ricejoe@example.net,2024-10-19
424,Tracy Perez,michelle37@example.org,2023-06-19
425,Ronald Brown,gary36@example.com,2023-09-12
426,Tracey Barnes,laura38@example.net,2023-08-08
427,Madison Mitchell,castanedakara@example.net,2023-07-19
428,Anthony Perry,thompsonmathew@example.org,2024-01-28
429,Cameron Spencer MD,kristinarivera@example.com,2024-07-14
430,Ronald Lawrence,andrewholloway@example.com,2024-06-10
431,Cheryl Robinson,rodriguezchristopher@example.com,2024-03-01
432,Gina Moore,harrismark@example.net,2023-12-27
433,Jessica Scott,lwinters@example.org,2023-06-28
434,Robert Willis,kgreene@example.org,2024-04-11
435,Carmen Sandoval,mray@example.net,2024-03-22
436,Logan Dennis,kyle46@example.org,2023-10-02
437,Amy Gonzalez,laurie84@example.org,2024-01-05
438,Erin Anderson,carlsonmatthew@example.com,2022-12-22
439,Mariah Vargas MD,barnesnancy@example.com,2023-10-17
440,Barry Scott,berrybenjamin@example.org,2023-03-01
441,Sandra Nichols,balljoy@example.net,2024-01-13
442,Mark Weber,hernandezjames@example.com,2024-10-12
443,Paul Roberson,hernandezhenry@example.com,2024-09-02
444,Bryan Wells,quinnalan@example.net,2024-11-09
445,Steve Carter,nancysalinas@example.com,2022-12-27
446,Willie Caldwell,morenorandall@example.net,2024-07-30
447,Connie Martinez,jason66@example.com,2023-08-05
448,Sara Williams,xgibson@example.com,2024-07-08
449,Kayla Wilson,trevor41@example.org,2023-01-06
450,Jennifer Turner,williamsjack@example.com,2023-10-23
451,Michelle Hayes,qsoto@example.org,2023-08-08
452,Benjamin Thomas,umills@example.com,2023-02-22
453,Lauren Davis,peter10@example.org,2023-06-22
454,Dr. Andrew Jones,achavez@example.com,2022-12-23
455,Nicholas Graham,mjohnson@example.net,2023-10-14
456,Taylor Aguirre,sarah47@example.org,2024-04-23
457,Laura Russell,alexandersamuel@example.com,2024-12-11
458,Clayton Harris,kelly30@example.net,2024-01-30
459,Bradley Powell,smithchris@example.com,2023-06-05
460,Heidi Kirk,jfuentes@example.com,2023-02-14
461,Matthew Miller,nmacias@example.com,2024-01-29
462,Kayla Owens,taylorsharon@example.net,2024-05-24
463,Kiara Oliver,knorris@example.net,2023-10-22
464,Andrew Lam,charles67@example.org,2023-06-26
465,Kenneth Smith,eric77@example.org,2024-04-30
466,Angela Hughes,kimberlyblackwell@example.net,2023-02-28
467,Dr. Christopher Bush,michelereese@example.org,2024-11-01
468,Cory Lara,sarah25@example.net,2023-01-20
469,Ernest Wright,kendra34@example.net,2024-07-13
470,Ashley Colon,ismith@example.net,2023-11-25
471,Cody Brown,jenniferguerrero@example.net,2024-06-25
472,Janet Foster,carterjasmine@example.com,2024-06-01
473,Heather Li,michelleturner@example.org,2024-03-25
474,Vanessa White,susan84@example.net,2023-03-05
475,Adrian Williams,nicole90@example.net,2023-02-03
476,Bill Rodriguez,hartanita@example.org,2023-07-06
477,Veronica Miller,olsonchelsey@example.net,2023-11-02
478,Nicole Suarez,jhoffman@example.com,2024-07-31
479,William Wilson,fgarcia@example.org,2024-05-14
480,Larry Miller,fisherhannah@example.org,2024-10-31
481,Brian Moore,kristina71@example.net,2024-01-30
482,Mrs. Dawn Lee,lisameyer@example.com,2023-02-04
483,Matthew White,david71@example.org,2024-07-09
484,Mrs. Jessica Williams DDS,mendozacraig@example.com,2024-08-27
485,James Calhoun,josephgood@example.net,2023-09-04
486,Shannon Barnes,savannah44@example.com,2023-07-24
487,Paula Lee,cstevens@example.org,2024-08-06
488,Juan Pitts,paulmckee@example.net,2023-02-02
489,Joshua Kim,rodriguezdeanna@example.com,2024-12-05
490,Becky Nelson,vmoore@example.net,2024-12-11
491,Angela Gordon,johnsonstacy@example.net,2023-01-23
492,Anita Nguyen,jacquelinemiller@example.net,2024-08-12
493,Justin Morris,smithmelissa@example.net,2024-06-21
494,Jennifer Gonzalez,zmoreno@example.net,2024-04-27
495,Molly Morris,anita13@example.com,2023-03-28
496,Gregory Mathews,hwatkins@example.com,2023-12-14
497,Wesley Levy,wrightaustin@example.com,2023-12-15
498,John Hayes,zcole@example.net,2024-06-23
499,Ashley Jackson,amanda66@example.com,2023-08-02
500,Kim Johnson,ashleyhodges@example.com,2023-04-10
501,Eric Flores,qdickerson@example.net,2023-09-12
502,Patricia Robles,ruizcody@example.net,2023-05-30
503,Jacob Wells,wareroger@example.org,2023-08-16
504,Susan Spencer,uneal@example.com,2024-09-14
505,Terry Thomas,ashleyhughes@example.net,2023-10-21
506,Amanda Gay,carolyngaines@example.net,2023-09-24
507,Amy Riley,dmora@example.org,2024-07-07
508,Lisa Wang,collinsstacey@example.com,2024-03-15
509,Jacqueline Johnson,alan51@example.com,2024-11-13
510,Brenda Weber,joel64@example.net,2024-08-13
511,Patrick Nixon,ethanbailey@example.net,2024-08-30
512,Nicholas Ross,tbowman@example.org,2023-05-17
513,Tiffany Smith,annaanderson@example.com,2024-12-02
514,Andres Duncan,eduncan@example.org,2023-04-20
515,Michael Christian,briantran@example.org,2024-04-09
516,Jonathan Mcguire,dorothy88@example.net,2024-08-23
517,Kenneth Alvarado,mgentry@example.org,2023-06-01
518,Makayla Oliver,millerchris@example.org,2024-11-13
519,Teresa Brady,heatherprince@example.com,2023-12-07
520,Kevin Lozano,ahill@example.com,2024-10-29
521,Cheyenne Washington,ylee@example.com,2023-03-09
522,Melissa Mueller,hollygordon@example.net,2023-02-09
523,Cynthia Chung,aolson@example.com,2023-04-18
524,Joshua Bush,leahjenkins@example.net,2024-11-14
525,Natasha Grant,wscott@example.com,2024-10-03
526,Lori Patrick,catherine70@example.org,2023-08-16
527,Gary Smith,mark44@example.com,2024-12-02
528,Matthew Scott,andrew40@example.net,2024-11-24
529,Christopher Gomez,brian86@example.net,2024-04-27
530,Melanie Lin,ofuller@example.net,2024-05-02
531,Darren Maxwell,allencathy@example.com,2024-11-22
532,Jacob Beck,christinasanders@example.org,2023-07-04
533,Sharon Webster,evanssamuel@example.net,2024-04-28
534,Tara Kemp,rodriguezdavid@example.org,2024-04-29
535,Kathleen Ford,jamesmontoya@example.org,2024-11-20
536,Brittany Parks,aaron38@example.com,2024-02-28
537,Victoria Hernandez,kyle37@example.com,2024-10-06
538,Christina Jones,catherinenorton@example.net,2023-02-21
539,Brian Good,philip15@example.org,2024-03-26
540,Anthony Duarte,cruzwilliam@example.com,2024-08-21
541,Brent Medina,gfisher@example.org,2023-03-31
542,Susan Ryan,karen16@example.org,2024-07-16
543,Shaun Jackson,brownnancy@example.com,2024-10-17
544,Jim Anderson,benjamin98@example.com,2024-09-16
545,Tanya Bolton,steven66@example.net,2023-02-06
546,Dr. David Thomas,kdavis@example.org,2023-02-24
547,Todd Vasquez,philipmoreno@example.net,2024-05-03
548,Aaron Martinez,hannahmarquez@example.com,2024-09-04
549,Jennifer White,maryjones@example.org,2023-07-21
550,Lisa Mendez,wagnererica@example.org,2023-05-21
551,Michael Wade,hornteresa@example.com,2024-12-11
552,Evan Hansen,kenneth70@example.org,2023-04-03
553,Dawn Ellis,martinezblake@example.com,2023-07-10
554,Maria Scott,xmccarthy@example.org,2024-08-15
555,Michael Brady,penasandra@example.com,2023-04-14
556,Charles Stanton,dennis62@example.net,2024-09-25
557,Cassandra Ward,aroman@example.net,2023-05-09
558,Stephen Brown,chadcarroll@example.com,2023-03-01
559,Angela Riley,rjohnson@example.org,2024-08-02
560,Mr. Cory Gutierrez MD,estesbrenda@example.net,2023-03-16
561,Amanda Foster,xtorres@example.org,2024-07-14
562,Tamara Clark,lmarquez@example.org,2023-02-22
563,Jonathan Henson,pcook@example.net,2023-03-05
564,Christopher Carter,johnathantownsend@example.com,2023-01-14
565,Franklin Lawrence,frankjanet@example.com,2024-02-24
566,Adam Cruz,jonathan58@example.net,2023-02-08
567,Rebecca Johnson,iwhite@example.com,2024-09-12
568,Gary Braun,april79@example.com,2024-01-20
569,Kevin Ballard,williamsleah@example.net,2024-11-17
570,Joseph Thompson,clinton32@example.com,2024-03-04
571,Jenna Ryan,edward68@example.org,2023-04-18
572,Larry Peterson,harriscynthia@example.net,2023-05-30
573,Timothy Lara,nlewis@example.net,2024-06-02
574,Tara Torres,michaelmiller@example.net,2023-12-15
575,Cynthia Robinson,paigecollins@example.com,2023-01-09
576,Nicole Brady,dmeza@example.com,2023-06-07
577,David Castro,danielmiller@example.org,2024-03-08
578,Jordan Norton,ryan93@example.org,2023-04-12
579,Jessica Cross,yjohnson@example.net,2024-08-29
580,Christopher West,torresdavid@example.org,2024-04-10
581,Mrs. Kirsten Kelly,harperstacey@example.net,2023-03-25
582,Larry Holder,odiaz@example.net,2024-05-20
583,Gary Jennings,charlescampos@example.com,2023-10-01
584,Tanya Hernandez,salazarjoshua@example.com,2023-08-22
585,Denise Lopez,danielleharris@example.org,2023-09-22
586,Rhonda Mccullough,johnrodriguez@example.org,2024-07-11
587,Danielle Sullivan,jasonbaker@example.net,2023-09-03
588,Kim Williams,deniserivera@example.net,2023-12-17
589,Kevin King,davidcurtis@example.com,2024-09-12
590,Justin Johnson,howardaustin@example.org,2024-02-11
591,Jonathan Sanchez PhD,brittany94@example.org,2023-11-13
592,Brooke Garcia,lwalters@example.org,2024-01-04
593,Christopher Wolf,mitchell16@example.com,2024-07-03
594,Pamela Alexander,amanda45@example.org,2024-06-09
595,David Mueller,coxevan@example.org,2024-07-06
596,Gary Giles,jenkinsjuan@example.net,2024-02-19
597,Kathleen Henson,josephwarner@example.org,2023-06-10
598,Kyle Wilson,rachel18@example.org,2023-05-25
599,Daryl Jenkins,michaelgreen@example.com,2024-08-09
600,Patrick Harrison,qallen@example.com,2023-11-07
601,Michelle Casey,zachary47@example.com,2023-06-30
602,Robert Cook,umcmahon@example.org,2023-03-05
603,Joseph Mann,william35@example.org,2023-12-14
604,Kathryn Crane,ohayes@example.org,2023-04-04
605,Cindy Alexander,dorseycindy@example.com,2023-10-17
606,Hunter Livingston,xbraun@example.com,2023-11-27
607,Caitlin Cole,krodriguez@example.com,2024-10-18
608,Jamie Wallace,bergmelissa@example.com,2024-10-11
609,Derrick Hale,tbaker@example.net,2023-03-28
610,Deanna Reed,johnjones@example.com,2023-01-31
611,Abigail Berry,wadebrian@example.org,2024-10-27
612,Victoria Myers,ythornton@example.net,2024-08-17
613,Kenneth Smith,desireewall@example.com,2023-04-11
614,Curtis Fitzgerald,sanchezdavid@example.org,2024-08-02
615,James Jones,michaelstout@example.org,2023-04-04
616,Mary Baldwin,lhuffman@example.com,2023-02-06
617,Steven Davis,etaylor@example.net,2023-12-26
618,Tiffany Jordan,jasmine96@example.com,2023-10-04
619,Donald Ayala,jacquelinehaynes@example.org,2023-11-18
620,Richard Hamilton,morriskevin@example.net,2023-05-31
621,John Leon DVM,norrisdavid@example.net,2023-03-05
622,Jerry Smith,sherry98@example.com,2023-11-20
623,Latoya Briggs,clarkbenjamin@example.com,2023-12-22
624,Sierra Smith,joshua46@example.com,2024-04-28
625,Dawn Higgins,johnherring@example.com,2024-10-13
626,Tara Rodriguez,vbarber@example.org,2023-04-29
627,Richard Chase,pstewart@example.com,2023-02-20
628,Felicia Brown,rosariojoseph@example.net,2023-11-20
629,Lori Meyer,kblack@example.com,2024-10-06
630,Nicole Davies,tpearson@example.org,2024-06-05
631,Courtney Evans,christopheradams@example.com,2023-04-16
632,Mary Whitaker,marissacooper@example.org,2024-08-18
633,Ashley Frederick,wjohnson@example.net,2024-06-09
634,Alicia Calhoun,cookrobert@example.com,2023-05-01
635,Kayla Hanson,amckinney@example.net,2023-02-03
636,Daniel Maldonado,tamijordan@example.com,2024-11-20
637,Amy Riley,miguelpeters@example.net,2023-07-11
638,Tara Hall,belllaurie@example.org,2023-05-30
639,Matthew Gonzalez,tiffany82@example.org,2024-07-17
640,Melissa Keith,churchmadison@example.org,2023-08-13
641,Theresa Pearson,marievargas@example.net,2023-11-29
642,James Martin,matthew86@example.com,2024-04-02
643,Lynn Shaffer,brittany83@example.com,2023-09-18
644,Catherine Nguyen,trussell@example.com,2023-01-17
645,Casey Stevenson,ortizstephen@example.org,2024-10-08
646,William Stokes,christopherlewis@example.com,2023-03-24
647,Lauren Davis,cgonzales@example.org,2023-10-31
648,Allison Jackson,thorntonandrew@example.org,2023-09-28
649,Catherine Powell,kellyjackson@example.com,2023-03-30
650,Amy Smith,amanda00@example.org,2024-02-28
651,Nicholas Wade,larsenrandall@example.org,2023-08-10
652,Logan Foster,rday@example.com,2024-12-13
653,Nathaniel Soto,eanderson@example.com,2023-06-20
654,Rebecca Noble,tthornton@example.org,2023-08-31
655,Lori Mueller,westpamela@example.net,2024-10-24
656,Dana Flores,rose04@example.org,2024-01-15
657,James Henderson,qlopez@example.net,2024-10-08
658,Lauren Lopez,jennifertran@example.net,2024-04-30
659,Jeff Fox,smithrobin@example.net,2023-10-08
660,Michael Miller,florespaul@example.com,2024-03-28
661,Tyler Smith,millerphillip@example.net,2024-09-24
662,Mr. Christopher Miller,stephenfuentes@example.net,2024-03-08
663,Allen Brown,rdominguez@example.net,2023-02-01
664,Shannon Meyer DVM,yparsons@example.net,2023-06-06
665,Tyler Hayes,john80@example.com,2023-11-06
666,Dana Perez,jared54@example.org,2023-05-08
667,Laura Schmidt,hernandeztodd@example.com,2024-12-09
668,Jeffrey Mendez,davidmedina@example.org,2023-10-16
669,Patricia Stevens,james49@example.org,2023-10-20
670,Dominique Robles,travis02@example.net,2023-11-24
671,Warren Gomez,kimberlyrivera@example.com,2023-09-03
672,William Gordon,michael26@example.org,2023-08-18
673,Kathleen Mccann,debbiebennett@example.org,2024-12-10
674,Dawn Steele,robinstewart@example.org,2023-03-11
675,Sarah Bradley,natasha38@example.com,2023-02-08
676,Alan Phillips,royduran@example.org,2023-06-02
677,Michael Nicholson,hartmanandrew@example.org,2023-10-30
678,Charles Johnson,afox@example.com,2023-10-31
679,Edward Cook,williambishop@example.com,2024-01-05
680,Jacqueline Bishop,taustin@example.net,2023-12-03
681,Lauren Johns,scotthughes@example.com,2024-10-03
682,Jerry Owen,mgarza@example.net,2023-04-05
683,Casey Allen,hardybrandy@example.org,2024-04-04
684,Amy Garcia,schroedermelissa@example.com,2023-06-11
685,Samantha Sanford,kylethomas@example.org,2023-01-28
686,Steven Williamson,theresakelly@example.net,2024-02-28
687,Scott Robinson,schambers@example.net,2024-04-23
688,Richard Robinson,njordan@example.net,2023-12-12
689,Jeremy Ochoa,dscott@example.org,2023-12-23
690,Brittany Moran,daniel33@example.com,2023-05-15
691,Daryl Nguyen,jenniferbailey@example.com,2023-09-18
692,Adrienne Taylor DVM,nicholascraig@example.com,2024-01-07
693,Richard Williams,kjohnson@example.com,2024-06-17
694,Richard Johnson,shahcurtis@example.com,2024-10-21
695,Tamara Williamson,paul66@example.org,2023-01-16
696,Zachary Salinas,edwardstheresa@example.org,2024-05-05
697,Elizabeth Watkins,hwalsh@example.net,2023-10-19
698,Traci Garcia,lawrencemichael@example.org,2023-06-03
699,Samuel Hunt,owensmeghan@example.com,2023-07-01
700,Erin Hanson,monicagomez@example.org,2023-06-30
701,Tina Payne,mgonzalez@example.org,2023-02-15
702,Erica Murphy,alexis06@example.net,2024-12-08
703,Mallory Cole,jonescarrie@example.com,2024-06-17
704,Brian Gomez,richard98@example.net,2024-01-26
705,Mary Peterson,roberthenry@example.net,2023-02-11
706,Amy Jones MD,tonistephens@example.org,2024-01-27
707,Michael Young,bobbycannon@example.net,2024-07-14
708,Mrs. Morgan Huang DDS,uphillips@example.com,2023-11-04
709,Michael Roberts,ericwolfe@example.com,2023-07-05
710,Donna Simmons,martinferguson@example.org,2023-01-03
711,Lisa Thomas,jamiewilson@example.com,2024-01-10
712,David Petersen,crystalhill@example.org,2023-12-04
713,David Walker,timothy93@example.com,2024-05-06
714,Steve Lopez,swansonchelsea@example.org,2023-07-11
715,Kristi Walters,david84@example.net,2023-10-05
716,Michael Logan,potterchristopher@example.com,2022-12-22
717,Tiffany Watson,tina64@example.net,2024-07-30
718,Lauren Warren,amy33@example.com,2024-12-17
719,James Moore,delgadochloe@example.net,2024-04-28
720,David Myers,moodyemily@example.com,2022-12-25
721,Amy Brooks,john02@example.net,2023-07-14
722,Chelsea Martinez,thomas92@example.org,2024-03-04
723,Marissa Jackson,howardmelissa@example.org,2023-02-12
724,Jodi Thomas,williamwarren@example.com,2024-11-23
725,Brandon Davis,kmorgan@example.net,2024-12-13
726,Jasmin Chavez,gsmith@example.org,2023-03-13
727,Lisa Ramirez,zcrosby@example.net,2023-04-09
728,Terry Johnson,anthonyhobbs@example.org,2023-07-30
729,Dylan Meadows,amyfrench@example.net,2024-04-10
730,Richard Foley,edward37@example.net,2024-10-03
731,Ryan Martinez,cohenjake@example.org,2023-01-26
732,Annette Warren,justin80@example.org,2023-07-30
733,Rebecca Dickson,megan02@example.org,2023-01-01
734,Yvonne Patel,kjones@example.org,2024-10-25
735,Heidi Campos,scottanderson@example.org,2024-04-11
736,Kevin Clark,poncemichael@example.com,2024-07-09
737,Cynthia Adkins,hmitchell@example.net,2024-07-17
738,Brad Ruiz,elizabeth28@example.com,2023-12-09
739,Nancy Diaz,davidbaldwin@example.net,2023-05-03
740,Tiffany Rodriguez,kelli40@example.com,2023-09-22
741,Christine Esparza,barrymichael@example.org,2023-08-11
742,Gregory Wright,chapmansara@example.com,2023-04-10
743,Kenneth Smith,sara19@example.com,2024-09-26
744,Thomas Wilcox,jenkinswayne@example.com,2023-07-25
745,Leslie Gibson,dawnpitts@example.org,2023-06-05
746,Dennis Camacho,pbradley@example.net,2024-03-18
747,Gabriela Newman,rollinsmegan@example.org,2024-09-30
748,Megan Nichols,theresa22@example.net,2024-09-29
749,Edward Leon,naguilar@example.net,2023-12-11
750,Brandy Hughes,lingram@example.net,2023-08-19
751,Michael Johnson,drodriguez@example.org,2024-01-23
752,William Young,jamesbradley@example.com,2023-09-22
753,Nicole Walsh,mary92@example.com,2024-09-12
754,Sarah Thompson,mark62@example.net,2024-03-27
755,Thomas Shannon,hatfieldamanda@example.com,2024-08-10
756,Heather Marshall,jacob94@example.com,2023-03-22
757,Gregory Henson,wilsoncraig@example.net,2023-11-06
758,Mr. William Cox,teresa05@example.org,2024-06-28
759,Melissa Harris,gilljohn@example.net,2024-03-02
760,Dennis Vincent,conniemueller@example.net,2023-09-12
761,Lisa Miller,douglasstanley@example.org,2024-01-28
762,Adam Francis MD,sbaker@example.com,2023-12-04
763,Rebecca Strickland,beckydaniel@example.org,2023-10-23
764,Brandon Roberts,murraycrystal@example.com,2024-02-14
765,Andrew Atkinson,alexanderroth@example.net,2023-09-16
766,Jacqueline Long,paul04@example.net,2023-11-28
767,Francisco Rivas,beverly21@example.com,2024-03-15
768,Rachel Duncan,anthony60@example.com,2024-10-24
769,Jody Young,garciashannon@example.com,2023-07-17
770,Bryan Simmons,jillianwalker@example.org,2023-07-09
771,Gregory Olsen,vickielewis@example.org,2024-10-28
772,Carl Hunt,laurafowler@example.org,2024-06-11
773,Samantha Dyer,jonathanbyrd@example.org,2023-01-28
774,Jonathan Simmons,wilsonsarah@example.org,2024-12-04
775,Brandon Cummings,joshuajones@example.net,2023-01-12
776,Deborah Patel,bennettelizabeth@example.org,2023-01-24
777,Eric Maldonado,vgoodman@example.net,2024-02-28
778,Ryan Johnson,dburton@example.net,2024-09-16
779,Richard Kelly,kholloway@example.com,2023-03-27
780,Nicole Mccarty,njohnston@example.org,2023-01-22
781,Cory Morgan,jenniferjames@example.org,2024-04-09
782,Thomas Lane,vaughandouglas@example.com,2024-02-18
783,Jade Vega,brett61@example.net,2024-11-28
784,Sarah Dalton,wcoleman@example.net,2024-05-31
785,Leah Sanchez,elewis@example.com,2024-01-02
786,Kurt Boone,maryhuff@example.org,2023-02-23
787,Bill Adams,thomas12@example.net,2023-03-30
788,Jamie Harrell,brandonbrown@example.com,2023-01-15
789,Julie Murphy,relliott@example.net,2023-03-06
790,Samantha Moss,pricemichael@example.net,2024-11-07
791,Melissa Thomas,rachelcarroll@example.org,2023-02-19
792,Jonathan Mendez,schwartzmelissa@example.org,2023-04-14
793,David Chavez,qwilliams@example.net,2024-11-19
794,Amber Sanchez,julievance@example.org,2023-12-31
795,Monica Ford,natalieharris@example.org,2023-06-02
796,Stuart Gould DVM,davidphillips@example.org,2023-12-31
797,Sandra Edwards,tammy31@example.com,2023-09-25
798,Erika Kennedy,ronald67@example.com,2024-08-31
799,Mrs. Victoria Maxwell,katie65@example.org,2024-05-10
800,Kyle Hamilton,katherineperry@example.com,2023-12-10
801,Leslie Anderson,richardashley@example.com,2023-03-13
802,Jamie Allison,joseph62@example.com,2024-08-13
803,Melody Orozco,andrew72@example.net,2023-04-03
804,Kristen Price,jamie59@example.com,2024-08-24
805,Ethan Baldwin,kristybutler@example.net,2023-10-26
806,Paul Turner,adamskyle@example.net,2024-01-24
807,Luis Lee,kevinwatson@example.org,2023-04-02
808,Shirley Cabrera,steven15@example.net,2023-07-11
809,Thomas Weaver,sarah56@example.com,2024-03-21
810,Justin Harris,yandrews@example.net,2023-11-21
811,Terry Sullivan,carlsonjohn@example.net,2023-12-08
812,Kimberly Gomez,stephanie96@example.net,2023-05-23
813,Earl Choi,john87@example.net,2023-10-04
814,Kristen Johnson,rwolfe@example.net,2023-10-21
815,Eric Morris,bartlettnatalie@example.com,2023-12-26
816,Erin Chapman,eroberts@example.org,2023-09-25
817,Paul Garcia,rhodesamanda@example.net,2024-07-15
818,Benjamin Hughes,hgeorge@example.net,2024-01-24
819,Matthew Holmes,glong@example.com,2024-08-04
820,Patricia Brown,tammy00@example.org,2024-01-23
821,Samuel Owens,michelle83@example.net,2024-10-30
822,Justin Thomas,fbutler@example.com,2024-06-12
823,Christopher Evans,annettelamb@example.org,2023-11-16
824,Erika Hunter,anne87@example.net,2023-04-02
825,Jonathan Hale,carsonkristin@example.net,2023-10-29
826,Lauren Chang,lori25@example.org,2024-08-09
827,Lisa Rodriguez,wjohnson@example.net,2023-07-26
828,Cathy Johnson,tchavez@example.com,2024-05-03
829,Tiffany Fitzgerald,irivera@example.net,2023-11-26
830,Miss Elizabeth Mullins,jenniferwilson@example.org,2023-08-20
831,Christina Lopez,mark75@example.com,2023-07-05
832,Theresa Johnson,simpsonsarah@example.org,2023-08-18
833,Jonathan Marquez,mhudson@example.net,2023-03-10
834,Derek Hill,cellis@example.org,2023-02-11
835,Molly Ramirez,stevecarter@example.net,2024-12-18
836,Kelsey Krueger,jacobmedina@example.org,2023-12-01
837,Nicole Garrett,davehaney@example.net,2023-01-20
838,Beverly Fritz,carl40@example.net,2024-02-08
839,Thomas Smith,aliciasmith@example.com,2024-05-20
840,Lisa Paul,hmcdaniel@example.net,2024-01-23
841,Shelby Diaz,perkinssteven@example.com,2024-03-20
842,Olivia Johnson,paulmartinez@example.com,2024-07-10
843,Michael Munoz,ptaylor@example.net,2023-09-25
844,Diana Jenkins,hamptonbarbara@example.com,2023-05-14
845,John Donaldson,christophersmith@example.com,2024-03-31
846,Deborah Norton,rlee@example.com,2023-10-24
847,Kristina Patton,okane@example.com,2023-04-17
848,Jeremy Brooks,markpage@example.org,2024-11-21
849,Jesus Clarke,tmanning@example.org,2024-03-25
850,James Morales,tinalopez@example.com,2023-06-09
851,Mr. Glen Stephens,davidcain@example.org,2023-06-22
852,Scott Hawkins,danielcampos@example.org,2024-04-12
853,Stacy Scott,donald33@example.org,2024-08-24
854,Christopher Garcia,kimberly09@example.net,2024-04-12
855,Chris Mcbride,donnacopeland@example.net,2023-01-21
856,David Gonzales,dadams@example.org,2023-05-15
857,Jessica Montoya,jdean@example.com,2023-03-07
858,Christopher Dean,valdezjorge@example.org,2023-07-23
859,Robin Long,gilbertregina@example.net,2023-03-04
860,Brett Price,chase28@example.org,2024-08-09
861,Joseph Stanton,steven81@example.org,2023-02-03
862,Helen Boyer,xgomez@example.com,2024-02-02
863,Johnathan Burton,ycarpenter@example.net,2023-02-02
864,Michelle Elliott,rachelcarter@example.net,2023-10-12
865,Andre Morgan,slee@example.org,2023-10-07
866,Virginia Williams,westjames@example.net,2023-04-27
867,Ashley Lowery,greertara@example.org,2024-10-31
868,Isaac Garza DDS,igibson@example.com,2024-10-01
869,James Castillo,jasminejohnson@example.net,2023-02-08
870,Nicholas Villanueva,erika43@example.net,2023-10-23
871,Paul Peterson,alejandro02@example.net,2024-10-27
872,Andrew Ferguson,zdean@example.com,2024-08-20
873,Mr. Zachary Alexander,adkinspaul@example.org,2023-07-24
874,Thomas Middleton,adamscarl@example.org,2023-06-04
875,Raymond Marquez,feliciabrown@example.net,2023-11-28
876,Caitlin Delgado,diane36@example.com,2023-05-30
877,Erin Wright,hoodjose@example.com,2023-07-03
878,Mary Lloyd,smithshaun@example.com,2024-06-11
879,Samuel Goodwin,rachelferguson@example.net,2023-12-18
880,Justin Griffin,mdavis@example.net,2023-08-16
881,Yvette Johnson,sharpdaniel@example.net,2023-04-10
882,Mr. Geoffrey Jimenez DDS,ddurham@example.net,2024-10-31
883,Bridget Harris,williamsbryan@example.com,2023-02-25
884,Katherine Ramirez,qwallace@example.com,2023-10-29
885,Richard Adams,matthewsbrian@example.com,2024-04-03
886,Jennifer Perez,derrick76@example.net,2024-09-02
887,Victoria Schmidt,jody34@example.org,2024-05-04
888,Stephanie Wong,mromero@example.com,2023-12-27
889,Amanda Baker,randy76@example.net,2024-04-11
890,Brandon Blanchard,tonycohen@example.org,2023-01-14
891,Kenneth Johnson PhD,millermichael@example.net,2023-09-30
892,Gregory Anderson,manningpamela@example.org,2023-02-08
893,Hannah Reyes,dvalentine@example.net,2023-05-10
894,Debbie Alvarez,wwhite@example.net,2023-10-04
895,Tyler Tran,fmorales@example.com,2024-08-03
896,Sherry Patterson,cheryl55@example.com,2023-01-29
897,Richard Shaw,thomaskelly@example.org,2024-02-29
898,Paula Carter,stephenfields@example.com,2024-01-09
899,Karen Williams,vasquezrichard@example.net,2024-12-08
900,Jessica Morgan,april17@example.com,2023-11-11
901,Krista Rivera,fward@example.net,2023-02-27
902,Michael Carter,angela00@example.org,2023-01-23
903,Alexandra Humphrey,jacobsonsally@example.org,2023-04-25
904,Amanda Bauer,crystalrobertson@example.com,2022-12-23
905,Wendy Gonzalez,james53@example.com,2023-04-30
906,Ryan Bishop,griffithrenee@example.com,2023-12-11
907,Jordan Whitaker,marissaharris@example.net,2024-11-07
908,Bobby Ward,louismorales@example.org,2024-09-22
909,Dennis Gutierrez,jmorales@example.com,2024-05-15
910,David Rush,dylan65@example.net,2023-05-21
911,Nicole Cline,gonzaleskristen@example.net,2024-10-03
912,Vincent Norris,ubrown@example.com,2024-07-15
913,Ashley Ellis,tstanley@example.net,2022-12-31
914,Jessica Mccormick,rdodson@example.org,2024-06-05
915,Bryan Carlson,katherine47@example.org,2023-02-13
916,Stacy Green,robert45@example.net,2024-07-27
917,Kimberly Kane,guy57@example.org,2023-08-06
918,Angela Martinez,rachel59@example.org,2024-09-25
919,Nicole Leon,welchsteven@example.org,2023-02-04
920,David Lloyd,julie50@example.org,2023-11-23
921,Brandon Webster,evansjavier@example.net,2023-01-02
922,Laura Morales,valenciabrian@example.org,2024-07-14
923,Christopher Hernandez,dayroger@example.com,2024-09-17
924,William Cobb,ncarter@example.com,2023-09-11
925,Nancy May,christinechavez@example.org,2024-04-13
926,Stephanie Jackson,jon82@example.net,2024-07-23
927,Joshua Page,rsimpson@example.com,2023-09-03
928,Kelly Graham,walter19@example.org,2023-04-05
929,Holly Fernandez,zbarron@example.com,2024-11-02
930,Timothy Williams,anna07@example.net,2022-12-25
931,Michael Gonzalez,colemankrista@example.net,2024-10-05
932,Ivan Roberts,kennedycharles@example.com,2023-05-05
933,Natasha Clark,kingmisty@example.org,2024-12-02
934,Lisa Holt,josephherrera@example.net,2024-01-01
935,Brooke Beck,landrysteven@example.net,2023-09-01
936,Keith Galvan,jesse99@example.org,2024-05-28
937,Dana Lara,williamssteven@example.com,2024-04-18
938,Kevin Rivera,elliottlaura@example.org,2023-08-29
939,Leslie Perez,kevinstone@example.net,2023-10-16
940,Darren Day,james45@example.org,2024-02-03
941,Tony Miller,gloria86@example.net,2024-01-23
942,Richard Brown,mmunoz@example.org,2023-08-02
943,Kyle Logan,rodriguezbarbara@example.org,2023-10-28
944,Autumn Phillips,trujillodouglas@example.net,2023-10-16
945,Veronica Obrien,eporter@example.org,2022-12-20
946,Caitlin Martinez,kennethmiller@example.org,2023-06-05
947,Christine Hall,lisa62@example.net,2022-12-21
948,Jerry Irwin,joel01@example.com,2023-07-31
949,Elizabeth Myers,gclark@example.net,2023-02-14
950,Paul Flores,sheilahenson@example.org,2023-04-25
951,Adam Mills,lphillips@example.com,2023-04-28
952,April Poole,kevin59@example.net,2024-03-31
953,James Bruce,holly67@example.org,2024-03-05
954,Casey Campbell,qgillespie@example.org,2023-03-25
955,Justin Morales,abigailhill@example.org,2023-10-12
956,Daniel Gilbert,traciporter@example.com,2023-10-10
957,Candice Henry,mcole@example.org,2024-06-14
958,Robert Webb,karencaldwell@example.net,2023-07-26
959,Abigail Robinson,vickiebaker@example.net,2024-02-10
960,Kenneth Carter,mcdonaldnicole@example.com,2024-09-28
961,Norma Moran,eavila@example.net,2023-03-17
962,David Brown,brenda30@example.org,2024-04-04
963,Rebekah Stevenson,eyoung@example.com,2022-12-26
964,Andrew Vincent,wrightalan@example.org,2023-04-24
965,Amanda Miranda,klinebecky@example.com,2023-08-12
966,Nathan Benitez,olsonjulie@example.com,2024-09-17
967,Wendy Fuentes,gavinblack@example.org,2024-05-31
968,Angela White,nvasquez@example.com,2024-03-12
969,Deborah Rhodes,stacey67@example.org,2023-02-13
970,Herbert Ramos,melissasalinas@example.com,2024-10-17
971,Paula Powell,barbaramiller@example.com,2024-07-09
972,Caitlyn Richards,melissalang@example.net,2023-12-19
973,Jessica Pacheco,taylorbrian@example.org,2023-12-25
974,Laura Leon,reeddeborah@example.net,2023-07-08
975,Tara Gibbs,eric75@example.com,2023-11-24
976,Martin Harrison,bonnie02@example.com,2023-09-21
977,Mark Compton,jlawson@example.org,2024-11-12
978,Karen Yoder,iparks@example.org,2024-07-11
979,Kathryn Williamson,scampbell@example.net,2023-03-18
980,Brenda Cross,annbell@example.net,2024-09-15
981,Elizabeth Durham,rachel87@example.net,2024-10-01
982,Justin Chavez,brian13@example.org,2024-02-10
983,Joshua Snyder,gonzalezchristine@example.org,2024-08-21
984,James Lopez,vancephilip@example.net,2023-03-07
985,Jessica Hart,dianaholland@example.org,2023-03-30
986,Antonio Reed,fpacheco@example.com,2024-03-19
987,Jeremy Lewis,chelseaanderson@example.net,2023-06-10
988,Jacob Morris,amandagrant@example.org,2023-08-02
989,Zachary Miles,antonio06@example.net,2024-01-01
990,Tonya Estrada,krausewilliam@example.org,2024-09-18
991,Joseph Hutchinson,kimberlyblack@example.com,2024-03-18
992,Jessica Rubio,carlos02@example.net,2023-01-10
993,Eileen Williams DVM,trevorhenson@example.com,2023-01-30
994,Laura Sanchez,deanmarvin@example.com,2024-04-09
995,Samantha Banks,xarellano@example.net,2023-07-06
996,Richard Gonzalez,nrhodes@example.net,2024-06-27
997,Pamela Porter,mpeters@example.org,2023-09-02
998,Stephen Davis,lking@example.com,2023-03-18
999,Jennifer Watkins,linda13@example.org,2024-05-12
1000,Gary Ramirez,bakeraustin@example.org,2023-02-05
